Accuracy,Precision,F1_Score
0.866,0.8675098128273226,0.8663295545407247
